[{"record_date":"2018-07-05T20:49:24.187Z","_id":"5b3e84549eaf5b3d50e8bf7c","name":"cartera2","user":"5b3e84549eaf5b3d50e8bf70","active":true,"__v":0},{"record_date":"2018-07-05T20:49:24.187Z","_id":"5b3e84549eaf5b3d50e8bf7d","name":"cartera3","user":"5b3e84549eaf5b3d50e8bf71","active":true,"__v":0},{"record_date":"2018-07-05T20:49:24.187Z","_id":"5b3e84549eaf5b3d50e8bf7b","name":"cartera1","user":"5b3e84549eaf5b3d50e8bf6f","active":true,"__v":0},{"record_date":"2018-07-05T22:19:37.952Z","_id":"5b3e9979a14a5d1798189b53","name":"Cartera 4","user":"5b3e99a1a14a5d1798189b54","active":true,"__v":0}]