[{"details":[{"_id":"5b3e84549eaf5b3d50e8bf96","receipt":"1","description":"ingresos por inscripcion","amount":1000,"input":true,"date_detail":"2018-03-25T00:00:00.000Z"}],"record_date":"2018-07-05T20:49:24.192Z","_id":"5b3e84549eaf5b3d50e8bf74","date_start":"2018-03-25T00:00:00.000Z","date_end":"2018-04-25T00:00:00.000Z","amount":1000,"amount_delivered":1000,"active":false,"state":-1,"user":"5b3e84549eaf5b3d50e8bf70","__v":0},{"details":[{"_id":"5b3e84549eaf5b3d50e8bf99","receipt":"1","description":"ingresos por inscripcion","amount":1000,"input":true,"date_detail":"2018-03-25T00:00:00.000Z"}],"record_date":"2018-07-05T20:49:24.192Z","_id":"5b3e84549eaf5b3d50e8bf76","date_start":"2018-03-25T00:00:00.000Z","date_end":null,"amount":1000,"amount_delivered":0,"active":true,"state":-1,"user":"5b3e84549eaf5b3d50e8bf6f","__v":0},{"details":[{"_id":"5b3e84549eaf5b3d50e8bf98","receipt":"1","description":"ingresos por inscripcion","amount":200,"input":true,"date_detail":"2018-05-25T00:00:00.000Z","title":"inscripcion"},{"_id":"5b3e84549eaf5b3d50e8bf97","receipt":"2","description":"ingresos por inscripcion","amount":300,"input":true,"date_detail":"2018-05-25T00:00:00.000Z","title":"inscripcion"}],"record_date":"2018-07-05T20:49:24.192Z","_id":"5b3e84549eaf5b3d50e8bf75","date_start":"2018-05-25T00:00:00.000Z","date_end":null,"amount":500,"amount_delivered":0,"active":true,"state":-1,"user":"5b3e84549eaf5b3d50e8bf71","__v":0},{"details":[],"record_date":"2018-07-05T22:20:17.338Z","_id":"5b3e99a1a14a5d1798189b55","date_start":"2018-07-05T22:20:17.338Z","amount":0,"amount_delivered":0,"active":true,"state":-1,"user":"5b3e99a1a14a5d1798189b54","__v":0}]