[{"receipts":[{"_id":"5b3e84549eaf5b3d50e8bf95","receipt":"9","amount":1000,"description":"factura de inscripcion"}],"record_date":"2018-07-05T20:49:24.186Z","_id":"5b3e84549eaf5b3d50e8bf7a","year":"2018-04-01T00:00:00.000Z","__v":0},{"receipts":[{"_id":"5b3e84549eaf5b3d50e8bf94","receipt":"8","amount":1000,"description":"factura de inscripcion"}],"record_date":"2018-07-05T20:49:24.186Z","_id":"5b3e84549eaf5b3d50e8bf79","year":"2018-03-04T00:00:00.000Z","__v":0},{"receipts":[{"_id":"5b3e9666d5f3e126e0c336a6","receipt":"123","amount":100,"description":"test"}],"record_date":"2018-07-05T22:06:30.894Z","_id":"5b3e9666d5f3e126e0c336a7","year":"2018-07-04T00:00:00.000Z","__v":0}]