[{"modulars":[{"lists":["5b3e84549eaf5b3d50e8bf90","5b3e84549eaf5b3d50e8bf91"],"date_start":"2018-03-25T00:00:00.000Z","date_end":"2018-04-25T00:00:00.000Z","facilitators":"5b3e84549eaf5b3d50e8bf72","modules":"5b3e84549eaf5b3d50e8bf80","_id":"5b3e84549eaf5b3d50e8bf8e"}],"inscriptions":[{"_id":"5b3e84549eaf5b3d50e8bf9c","total_price":600,"module_price":150,"bolivianos_price":3,"dolares_price":300,"canceled_price":300,"price_event":2000,"receipt":"4567","ci":"1234567","cellphone":76543218,"persons":"5b3e84549eaf5b3d50e8bf8a","users":"5b3e84549eaf5b3d50e8bf6f"},{"_id":"5b3e84549eaf5b3d50e8bf9b","total_price":600,"module_price":150,"bolivianos_price":0,"dolares_price":300,"canceled_price":300,"price_event":1400,"receipt":"4568","ci":"1234566","cellphone":79452311,"persons":"5b3e84549eaf5b3d50e8bf8b","users":"5b3e84549eaf5b3d50e8bf70"},{"_id":"5b3e84549eaf5b3d50e8bf9a","total_price":600,"module_price":150,"bolivianos_price":300,"dolares_price":0,"canceled_price":300,"price_event":2000,"receipt":"4569","ci":"712337757","cellphone":60121234,"persons":"5b3e84549eaf5b3d50e8bf8c","users":"5b3e84549eaf5b3d50e8bf6f"}],"record_date":"2018-07-05T20:49:24.194Z","_id":"5b3e84549eaf5b3d50e8bf8f","name":"seguridad imformatica y redes sociales","description":"solo para ejecutivos","date_start":"2018-06-25T00:00:00.000Z","total":30,"programs":"5b3e84549eaf5b3d50e8bf7e","offices":"5b3e84549eaf5b3d50e8bf69","date_end":null,"active":true,"__v":0}]