[{"record_date":"2018-07-05T20:49:24.205Z","_id":"5b3e84549eaf5b3d50e8bf4d","name":"i","active":true,"password_hash":"i","rol":"5b3e84549eaf5b3d50e8bf49","offices":"5b3e84549eaf5b3d50e8bf45","amount":1500,"__v":0},{"record_date":"2018-07-05T20:49:24.205Z","_id":"5b3e84549eaf5b3d50e8bf4b","name":"a","active":true,"password_hash":"a","rol":"5b3e84549eaf5b3d50e8bf48","offices":"5b3e84549eaf5b3d50e8bf45","amount":1000,"__v":0},{"record_date":"2018-07-05T20:49:24.205Z","_id":"5b3e84549eaf5b3d50e8bf4c","name":"e","active":true,"password_hash":"e","rol":"5b3e84549eaf5b3d50e8bf49","offices":"5b3e84549eaf5b3d50e8bf45","amount":2000,"__v":0}]