[{"modulars":[{"lists":["5b3e84549eaf5b3d50e8bf67","5b3e84549eaf5b3d50e8bf68"],"date_start":"2018-03-25T00:00:00.000Z","date_end":"2018-04-25T00:00:00.000Z","facilitators":"5b3e84549eaf5b3d50e8bf4e","modules":"5b3e84549eaf5b3d50e8bf57","_id":"5b3e84549eaf5b3d50e8bf65"}],"inscriptions":[{"_id":"5b3e84549eaf5b3d50e8bfaa","total_price":600,"module_price":150,"bolivianos_price":3,"dolares_price":300,"canceled_price":300,"price_event":2000,"receipt":"4567","ci":"1234567","cellphone":76543218,"persons":"5b3e84549eaf5b3d50e8bf61","users":"5b3e84549eaf5b3d50e8bf4b"},{"_id":"5b3e84549eaf5b3d50e8bfa9","total_price":600,"module_price":150,"bolivianos_price":0,"dolares_price":300,"canceled_price":300,"price_event":1400,"receipt":"4568","ci":"1234566","cellphone":79452311,"persons":"5b3e84549eaf5b3d50e8bf62","users":"5b3e84549eaf5b3d50e8bf4c"},{"_id":"5b3e84549eaf5b3d50e8bfa8","total_price":600,"module_price":150,"bolivianos_price":300,"dolares_price":0,"canceled_price":300,"price_event":2000,"receipt":"4569","ci":"712337757","cellphone":60121234,"persons":"5b3e84549eaf5b3d50e8bf63","users":"5b3e84549eaf5b3d50e8bf4b"}],"interes":[{"tracing":[],"_id":"5b3e84549eaf5b3d50e8bfab"}],"record_date":"2018-07-05T20:49:24.212Z","_id":"5b3e84549eaf5b3d50e8bf66","name":"seguridad imformatica y redes sociales","description":"solo para ejecutivos","date_start":"2018-03-25T00:00:00.000Z","total":30,"programs":"5b3e84549eaf5b3d50e8bf55","offices":"5b3e84549eaf5b3d50e8bf45","date_end":null,"active":true,"__v":0}]