[{"content":["1. remuneracion","2. motivacion","3. clima laboral"],"record_date":"2018-07-05T20:49:24.209Z","_id":"5b3e84549eaf5b3d50e8bf58","number":2,"name":"modulo 2","programs":"5b3e84549eaf5b3d50e8bf55","__v":0},{"content":["1. reclutamiento y seleccion","2. induccion","3. capacitacion"],"record_date":"2018-07-05T20:49:24.209Z","_id":"5b3e84549eaf5b3d50e8bf57","number":1,"name":"modulo 1","programs":"5b3e84549eaf5b3d50e8bf55","__v":0},{"content":["1. remuneracion1","2. motivacion2","3. clima laboral3"],"record_date":"2018-07-05T20:49:24.209Z","_id":"5b3e84549eaf5b3d50e8bf5d","number":5,"name":"modulo 5","programs":"5b3e84549eaf5b3d50e8bf56","__v":0},{"content":["1. remuneracion1","2. motivacion2","3. clima laboral3"],"record_date":"2018-07-05T20:49:24.209Z","_id":"5b3e84549eaf5b3d50e8bf5c","number":4,"name":"modulo 4","programs":"5b3e84549eaf5b3d50e8bf56","__v":0},{"content":["1. remuneracion1","2. motivacion2","3. clima laboral3"],"record_date":"2018-07-05T20:49:24.209Z","_id":"5b3e84549eaf5b3d50e8bf5b","number":3,"name":"modulo 3","programs":"5b3e84549eaf5b3d50e8bf56","__v":0},{"content":["1. remuneracion1","2. motivacion2","3. clima laboral3"],"record_date":"2018-07-05T20:49:24.209Z","_id":"5b3e84549eaf5b3d50e8bf60","number":8,"name":"modulo 8","programs":"5b3e84549eaf5b3d50e8bf56","__v":0},{"content":["1. remuneracion1","2. motivacion2","3. clima laboral3"],"record_date":"2018-07-05T20:49:24.209Z","_id":"5b3e84549eaf5b3d50e8bf5a","number":2,"name":"modulo 2","programs":"5b3e84549eaf5b3d50e8bf56","__v":0},{"content":["1. remuneracion1","2. motivacion2","3. clima laboral3"],"record_date":"2018-07-05T20:49:24.209Z","_id":"5b3e84549eaf5b3d50e8bf59","number":1,"name":"modulo 1","programs":"5b3e84549eaf5b3d50e8bf56","__v":0},{"content":["1. remuneracion1","2. motivacion2","3. clima laboral3"],"record_date":"2018-07-05T20:49:24.209Z","_id":"5b3e84549eaf5b3d50e8bf5e","number":6,"name":"modulo 6","programs":"5b3e84549eaf5b3d50e8bf56","__v":0},{"content":["1. remuneracion1","2. motivacion2","3. clima laboral3"],"record_date":"2018-07-05T20:49:24.209Z","_id":"5b3e84549eaf5b3d50e8bf5f","number":7,"name":"modulo 7","programs":"5b3e84549eaf5b3d50e8bf56","__v":0}]