[{"content":["1. remuneracion","2. motivacion","3. clima laboral"],"record_date":"2018-07-05T20:49:24.188Z","_id":"5b3e84549eaf5b3d50e8bf81","number":2,"name":"modulo 2","programs":"5b3e84549eaf5b3d50e8bf7e","__v":0},{"content":["1. remuneracion1","2. motivacion2","3. clima laboral3"],"record_date":"2018-07-05T20:49:24.188Z","_id":"5b3e84549eaf5b3d50e8bf86","number":5,"name":"modulo 5","programs":"5b3e84549eaf5b3d50e8bf7f","__v":0},{"content":["1. remuneracion1","2. motivacion2","3. clima laboral3"],"record_date":"2018-07-05T20:49:24.188Z","_id":"5b3e84549eaf5b3d50e8bf82","number":1,"name":"modulo 1","programs":"5b3e84549eaf5b3d50e8bf7f","__v":0},{"content":["1. remuneracion1","2. motivacion2","3. clima laboral3"],"record_date":"2018-07-05T20:49:24.188Z","_id":"5b3e84549eaf5b3d50e8bf83","number":2,"name":"modulo 2","programs":"5b3e84549eaf5b3d50e8bf7f","__v":0},{"content":["1. remuneracion1","2. motivacion2","3. clima laboral3"],"record_date":"2018-07-05T20:49:24.188Z","_id":"5b3e84549eaf5b3d50e8bf88","number":7,"name":"modulo 7","programs":"5b3e84549eaf5b3d50e8bf7f","__v":0},{"content":["1. reclutamiento y seleccion","2. induccion","3. capacitacion"],"record_date":"2018-07-05T20:49:24.188Z","_id":"5b3e84549eaf5b3d50e8bf80","number":1,"name":"modulo 1","programs":"5b3e84549eaf5b3d50e8bf7e","__v":0},{"content":["1. remuneracion1","2. motivacion2","3. clima laboral3"],"record_date":"2018-07-05T20:49:24.188Z","_id":"5b3e84549eaf5b3d50e8bf87","number":6,"name":"modulo 6","programs":"5b3e84549eaf5b3d50e8bf7f","__v":0},{"content":["1. remuneracion1","2. motivacion2","3. clima laboral3"],"record_date":"2018-07-05T20:49:24.188Z","_id":"5b3e84549eaf5b3d50e8bf85","number":4,"name":"modulo 4","programs":"5b3e84549eaf5b3d50e8bf7f","__v":0},{"content":["1. remuneracion1","2. motivacion2","3. clima laboral3"],"record_date":"2018-07-05T20:49:24.188Z","_id":"5b3e84549eaf5b3d50e8bf84","number":3,"name":"modulo 3","programs":"5b3e84549eaf5b3d50e8bf7f","__v":0},{"content":["1. remuneracion1","2. motivacion2","3. clima laboral3"],"record_date":"2018-07-05T20:49:24.188Z","_id":"5b3e84549eaf5b3d50e8bf89","number":8,"name":"modulo 8","programs":"5b3e84549eaf5b3d50e8bf7f","__v":0},{"content":["Crear el marco logico"],"record_date":"2018-07-05T22:18:29.329Z","_id":"5b3e9935a14a5d1798189b50","number":1,"name":"modulo1","programs":"5b3e9921a14a5d1798189b4f","__v":0},{"content":["corregir el marco logico"],"record_date":"2018-07-05T22:18:46.279Z","_id":"5b3e9946a14a5d1798189b51","number":2,"name":"modulo2","programs":"5b3e9921a14a5d1798189b4f","__v":0},{"content":["siguiendo Corregidos"],"record_date":"2018-07-05T22:19:00.314Z","_id":"5b3e9954a14a5d1798189b52","number":3,"name":"modulo3","programs":"5b3e9921a14a5d1798189b4f","__v":0}]