[{"record_date":"2018-07-05T20:49:24.182Z","_id":"5b3e84549eaf5b3d50e8bf6f","name":"a","active":true,"password_hash":"a","rol":"5b3e84549eaf5b3d50e8bf6c","offices":"5b3e84549eaf5b3d50e8bf69","amount":1000,"debt":0,"__v":0},{"record_date":"2018-07-05T20:49:24.182Z","_id":"5b3e84549eaf5b3d50e8bf70","name":"e","active":true,"password_hash":"e","rol":"5b3e84549eaf5b3d50e8bf6d","offices":"5b3e84549eaf5b3d50e8bf69","amount":2000,"debt":0,"__v":0},{"record_date":"2018-07-05T20:49:24.182Z","_id":"5b3e84549eaf5b3d50e8bf71","name":"i","active":true,"password_hash":"i","rol":"5b3e84549eaf5b3d50e8bf6d","offices":"5b3e84549eaf5b3d50e8bf69","amount":1500,"debt":0,"__v":0},{"record_date":"2018-07-05T22:20:17.333Z","_id":"5b3e99a1a14a5d1798189b54","name":"noel","lastname":"franco","password_hash":"8884e94a3bc8cd9dc6571f37b4985692","active":true,"cell":72779247,"correo":"nefj@outlook.com","rol":"5b3e84549eaf5b3d50e8bf6e","offices":"5b3e98eaa14a5d1798189b4d","amount":0,"debt":0,"__v":0}]