[{"record_date":"2018-06-28T15:11:40.725Z","_id":"5b34faac40d34818c4fd85e9","name":"cartera2","user":"5b34faac40d34818c4fd85dd","active":true,"__v":0},{"record_date":"2018-06-28T15:11:40.725Z","_id":"5b34faac40d34818c4fd85e8","name":"cartera1","user":"5b34faac40d34818c4fd85dc","active":true,"__v":0},{"record_date":"2018-06-28T15:11:40.725Z","_id":"5b34faac40d34818c4fd85ea","name":"cartera3","user":"5b34faac40d34818c4fd85de","active":true,"__v":0},{"record_date":"2018-07-12T05:23:18.609Z","_id":"5b46e5c698ae700c5cb6969d","name":"para juan","user":"5b46e5ef98ae700c5cb6969e","active":true,"__v":0}]