[{"details":[{"_id":"5b34faac40d34818c4fd8603","receipt":"1","description":"ingresos por inscripcion","amount":1000,"input":true,"date_detail":"2018-03-25T00:00:00.000Z"}],"record_date":"2018-06-28T15:11:40.760Z","_id":"5b34faac40d34818c4fd85e1","date_start":"2018-03-25T00:00:00.000Z","date_end":"2018-04-25T00:00:00.000Z","amount":1000,"amount_delivered":1000,"active":false,"state":-1,"user":"5b34faac40d34818c4fd85dd","__v":0},{"details":[{"_id":"5b34faac40d34818c4fd8606","receipt":"1","description":"ingresos por inscripcion","amount":1000,"input":true,"date_detail":"2018-03-25T00:00:00.000Z"}],"record_date":"2018-06-28T15:11:40.760Z","_id":"5b34faac40d34818c4fd85e3","date_start":"2018-03-25T00:00:00.000Z","date_end":null,"amount":1000,"amount_delivered":0,"active":true,"state":-1,"user":"5b34faac40d34818c4fd85dc","__v":0},{"details":[{"_id":"5b34faac40d34818c4fd8605","receipt":"1","description":"ingresos por inscripcion","amount":200,"input":true,"date_detail":"2018-05-25T00:00:00.000Z","title":"inscripcion"},{"_id":"5b34faac40d34818c4fd8604","receipt":"2","description":"ingresos por inscripcion","amount":300,"input":true,"date_detail":"2018-05-25T00:00:00.000Z","title":"inscripcion"}],"record_date":"2018-06-28T15:11:40.760Z","_id":"5b34faac40d34818c4fd85e2","date_start":"2018-05-25T00:00:00.000Z","date_end":null,"amount":500,"amount_delivered":0,"active":true,"state":-1,"user":"5b34faac40d34818c4fd85de","__v":0},{"details":[],"record_date":"2018-07-12T05:24:00.297Z","_id":"5b46e5f098ae700c5cb6969f","date_start":"2018-07-12T05:24:00.297Z","amount":0,"amount_delivered":0,"active":true,"state":-1,"user":"5b46e5ef98ae700c5cb6969e","__v":0}]