[{"modulars":[{"lists":["5b34faac40d34818c4fd85d4","5b34faac40d34818c4fd85d5"],"date_start":"2018-03-25T00:00:00.000Z","date_end":"2018-04-25T00:00:00.000Z","facilitators":"5b34faac40d34818c4fd85bb","modules":"5b34faac40d34818c4fd85c4","_id":"5b34faac40d34818c4fd85d2"}],"inscriptions":[{"_id":"5b34faac40d34818c4fd8617","total_price":600,"module_price":150,"bolivianos_price":3,"dolares_price":300,"canceled_price":300,"price_event":2000,"receipt":"4567","ci":"1234567","cellphone":76543218,"persons":"5b34faac40d34818c4fd85ce","users":"5b34faac40d34818c4fd85b8"},{"_id":"5b34faac40d34818c4fd8616","total_price":600,"module_price":150,"bolivianos_price":0,"dolares_price":300,"canceled_price":300,"price_event":1400,"receipt":"4568","ci":"1234566","cellphone":79452311,"persons":"5b34faac40d34818c4fd85cf","users":"5b34faac40d34818c4fd85b9"},{"_id":"5b34faac40d34818c4fd8615","total_price":600,"module_price":150,"bolivianos_price":300,"dolares_price":0,"canceled_price":300,"price_event":2000,"receipt":"4569","ci":"712337757","cellphone":60121234,"persons":"5b34faac40d34818c4fd85d0","users":"5b34faac40d34818c4fd85b8"}],"interes":[{"tracing":[],"_id":"5b34faac40d34818c4fd8618"}],"record_date":"2018-06-28T15:11:40.927Z","_id":"5b34faac40d34818c4fd85d3","name":"seguridad imformatica y redes sociales","description":"solo para ejecutivos","date_start":"2018-03-25T00:00:00.000Z","total":30,"programs":"5b34faac40d34818c4fd85c2","offices":"5b34faac40d34818c4fd85b2","date_end":null,"active":true,"__v":0}]