[{"record_date":"2018-06-28T15:11:40.691Z","_id":"5b34faac40d34818c4fd85dc","name":"a","active":true,"password_hash":"a","rol":"5b34faac40d34818c4fd85d9","offices":"5b34faac40d34818c4fd85d6","amount":1000,"debt":0,"__v":0},{"record_date":"2018-06-28T15:11:40.691Z","_id":"5b34faac40d34818c4fd85dd","name":"e","active":true,"password_hash":"e","rol":"5b34faac40d34818c4fd85da","offices":"5b34faac40d34818c4fd85d6","amount":2000,"debt":0,"__v":0},{"record_date":"2018-06-28T15:11:40.691Z","_id":"5b34faac40d34818c4fd85de","name":"i","active":true,"password_hash":"i","rol":"5b34faac40d34818c4fd85da","offices":"5b34faac40d34818c4fd85d6","amount":1500,"debt":0,"__v":0},{"record_date":"2018-07-12T05:23:59.854Z","_id":"5b46e5ef98ae700c5cb6969e","name":"juan","lastname":"perez","password_hash":"a94652aa97c7211ba8954dd15a3cf838","active":true,"cell":77777777,"correo":"perdro@pedro.com","rol":"5b34faac40d34818c4fd85da","offices":"5b34faac40d34818c4fd85d6","amount":0,"debt":0,"__v":0}]