[{"modulars":[{"lists":["5b34faac40d34818c4fd85fd","5b34faac40d34818c4fd85fe"],"date_start":"2018-03-25T00:00:00.000Z","date_end":"2018-04-25T00:00:00.000Z","facilitators":"5b34faac40d34818c4fd85df","modules":"5b34faac40d34818c4fd85ed","_id":"5b34faac40d34818c4fd85fb"}],"inscriptions":[{"_id":"5b34faac40d34818c4fd8609","total_price":600,"module_price":150,"bolivianos_price":3,"dolares_price":300,"canceled_price":300,"price_event":2000,"receipt":"4567","ci":"1234567","cellphone":76543218,"persons":"5b34faac40d34818c4fd85f7","users":"5b34faac40d34818c4fd85dc"},{"_id":"5b34faac40d34818c4fd8608","total_price":600,"module_price":150,"bolivianos_price":0,"dolares_price":300,"canceled_price":300,"price_event":1400,"receipt":"4568","ci":"1234566","cellphone":79452311,"persons":"5b34faac40d34818c4fd85f8","users":"5b34faac40d34818c4fd85dd"},{"_id":"5b34faac40d34818c4fd8607","total_price":600,"module_price":150,"bolivianos_price":300,"dolares_price":0,"canceled_price":300,"price_event":2000,"receipt":"4569","ci":"712337757","cellphone":60121234,"persons":"5b34faac40d34818c4fd85f9","users":"5b34faac40d34818c4fd85dc"}],"record_date":"2018-06-28T15:11:40.774Z","_id":"5b34faac40d34818c4fd85fc","name":"seguridad imformatica y redes sociales","description":"solo para ejecutivos","date_start":"2018-06-25T00:00:00.000Z","total":30,"programs":"5b34faac40d34818c4fd85eb","offices":"5b34faac40d34818c4fd85d6","date_end":null,"active":true,"__v":0}]