[{"content":["1. remuneracion","2. motivacion","3. clima laboral"],"record_date":"2018-06-28T15:11:40.882Z","_id":"5b34faac40d34818c4fd85c5","number":2,"name":"modulo 2","programs":"5b34faac40d34818c4fd85c2","__v":0},{"content":["1. remuneracion1","2. motivacion2","3. clima laboral3"],"record_date":"2018-06-28T15:11:40.882Z","_id":"5b34faac40d34818c4fd85c7","number":2,"name":"modulo 2","programs":"5b34faac40d34818c4fd85c3","__v":0},{"content":["1. remuneracion1","2. motivacion2","3. clima laboral3"],"record_date":"2018-06-28T15:11:40.882Z","_id":"5b34faac40d34818c4fd85ca","number":5,"name":"modulo 5","programs":"5b34faac40d34818c4fd85c3","__v":0},{"content":["1. remuneracion1","2. motivacion2","3. clima laboral3"],"record_date":"2018-06-28T15:11:40.882Z","_id":"5b34faac40d34818c4fd85cc","number":7,"name":"modulo 7","programs":"5b34faac40d34818c4fd85c3","__v":0},{"content":["1. reclutamiento y seleccion","2. induccion","3. capacitacion"],"record_date":"2018-06-28T15:11:40.882Z","_id":"5b34faac40d34818c4fd85c4","number":1,"name":"modulo 1","programs":"5b34faac40d34818c4fd85c2","__v":0},{"content":["1. remuneracion1","2. motivacion2","3. clima laboral3"],"record_date":"2018-06-28T15:11:40.882Z","_id":"5b34faac40d34818c4fd85c6","number":1,"name":"modulo 1","programs":"5b34faac40d34818c4fd85c3","__v":0},{"content":["1. remuneracion1","2. motivacion2","3. clima laboral3"],"record_date":"2018-06-28T15:11:40.882Z","_id":"5b34faac40d34818c4fd85c8","number":3,"name":"modulo 3","programs":"5b34faac40d34818c4fd85c3","__v":0},{"content":["1. remuneracion1","2. motivacion2","3. clima laboral3"],"record_date":"2018-06-28T15:11:40.882Z","_id":"5b34faac40d34818c4fd85c9","number":4,"name":"modulo 4","programs":"5b34faac40d34818c4fd85c3","__v":0},{"content":["1. remuneracion1","2. motivacion2","3. clima laboral3"],"record_date":"2018-06-28T15:11:40.882Z","_id":"5b34faac40d34818c4fd85cb","number":6,"name":"modulo 6","programs":"5b34faac40d34818c4fd85c3","__v":0},{"content":["1. remuneracion1","2. motivacion2","3. clima laboral3"],"record_date":"2018-06-28T15:11:40.882Z","_id":"5b34faac40d34818c4fd85cd","number":8,"name":"modulo 8","programs":"5b34faac40d34818c4fd85c3","__v":0}]