[{"record_date":"2018-06-28T15:11:40.859Z","_id":"5b34faac40d34818c4fd85b8","name":"a","active":true,"password_hash":"a","rol":"5b34faac40d34818c4fd85b5","offices":"5b34faac40d34818c4fd85b2","amount":1000,"__v":0},{"record_date":"2018-06-28T15:11:40.859Z","_id":"5b34faac40d34818c4fd85b9","name":"e","active":true,"password_hash":"e","rol":"5b34faac40d34818c4fd85b6","offices":"5b34faac40d34818c4fd85b2","amount":2000,"__v":0},{"record_date":"2018-06-28T15:11:40.859Z","_id":"5b34faac40d34818c4fd85ba","name":"i","active":true,"password_hash":"i","rol":"5b34faac40d34818c4fd85b6","offices":"5b34faac40d34818c4fd85b2","amount":1500,"__v":0}]