[{"details":[{"_id":"5b3e78f66643470b14ff0667","receipt":"1","description":"ingresos por inscripcion","amount":1000,"input":true,"date_detail":"2018-03-25T00:00:00.000Z"}],"record_date":"2018-07-05T20:00:54.457Z","_id":"5b3e78f66643470b14ff0645","date_start":"2018-03-25T00:00:00.000Z","date_end":"2018-04-25T00:00:00.000Z","amount":1000,"amount_delivered":1000,"active":false,"state":-1,"user":"5b3e78f66643470b14ff0641","__v":0},{"details":[{"_id":"5b3e78f66643470b14ff0669","receipt":"1","description":"ingresos por inscripcion","amount":200,"input":true,"date_detail":"2018-05-25T00:00:00.000Z","title":"inscripcion"},{"_id":"5b3e78f66643470b14ff0668","receipt":"2","description":"ingresos por inscripcion","amount":300,"input":true,"date_detail":"2018-05-25T00:00:00.000Z","title":"inscripcion"}],"record_date":"2018-07-05T20:00:54.457Z","_id":"5b3e78f66643470b14ff0646","date_start":"2018-05-25T00:00:00.000Z","date_end":null,"amount":500,"amount_delivered":0,"active":true,"state":-1,"user":"5b3e78f66643470b14ff0642","__v":0},{"details":[{"_id":"5b3e78f66643470b14ff066a","receipt":"1","description":"ingresos por inscripcion","amount":1000,"input":true,"date_detail":"2018-03-25T00:00:00.000Z"}],"record_date":"2018-07-05T20:00:54.457Z","_id":"5b3e78f66643470b14ff0647","date_start":"2018-03-25T00:00:00.000Z","date_end":null,"amount":1000,"amount_delivered":0,"active":true,"state":-1,"user":"5b3e78f66643470b14ff0640","__v":0}]