[{"refrigerio":["Comida","Bebida","Insumos","Transporte"],"salon":["Alquiler","Alquiler equipos y otros","Limpieza","Transporte ida y vuelta"],"publicidad":["Periodico","Radio","Television","Internet/facebook","Transporte","Pegado de afiches"],"facilitadores":["Honorarios","Viaticos","Hospedaje","Transporte"],"material":["Escritorio","Fotocopias","Adicional para clases","Transporte"],"otros":["Devolucion inscripcion"],"oficina":["Alquiler","Expensas","Luz","Agua","Telefono","Celulares","Material de escritorio","Material de limpieza","Gastos Movilidades"],"rrhhConsultorias":["Sueldo","Anticipos","Viaticos","Hospedaje","Pasajes viajes","Finiquito","Honorarios Consultorias"],"obligaciones":["Impuestos","Patentes","AFP","Caja de salud","Ministerio trabajo","FUNDAEMPRESA","Auditorias"],"equipos":["Manteniminiento","Compra","Repuestos"],"imprenta":["Afiches y volantes","Folders","Tarjetas","Boligrafos","Tapas","Certificados"],"fotocopiadora":["Compra de hojas","Compra de toner","Compra de anillos","Repuestos","Mantenimiento"],"otrosGastos":["Alimentacion","Periodico","Avisos clasificados","Transporte, peaje, parqueo","Correccion de trabajos","Arreglo jardin","Mantenimiento oficina","Fondo a sucursales"],"extras":["Varios (Dra/Ing)"],"record_date":"2018-07-05T20:00:54.493Z","_id":"5b3e78f66643470b14ff0664","__v":0}]