[{"modulars":[{"lists":["5b3e78f66643470b14ff0661","5b3e78f66643470b14ff0662"],"date_start":"2018-03-25T00:00:00.000Z","date_end":"2018-04-25T00:00:00.000Z","facilitators":"5b3e78f66643470b14ff0643","modules":"5b3e78f66643470b14ff0651","_id":"5b3e78f66643470b14ff065f"}],"inscriptions":[{"_id":"5b3e78f66643470b14ff066d","total_price":600,"module_price":150,"bolivianos_price":3,"dolares_price":300,"canceled_price":300,"price_event":2000,"receipt":"4567","ci":"1234567","cellphone":76543218,"persons":"5b3e78f66643470b14ff065b","users":"5b3e78f66643470b14ff0640"},{"_id":"5b3e78f66643470b14ff066c","total_price":600,"module_price":150,"bolivianos_price":0,"dolares_price":300,"canceled_price":300,"price_event":1400,"receipt":"4568","ci":"1234566","cellphone":79452311,"persons":"5b3e78f66643470b14ff065c","users":"5b3e78f66643470b14ff0641"},{"_id":"5b3e78f66643470b14ff066b","total_price":600,"module_price":150,"bolivianos_price":300,"dolares_price":0,"canceled_price":300,"price_event":2000,"receipt":"4569","ci":"712337757","cellphone":60121234,"persons":"5b3e78f66643470b14ff065d","users":"5b3e78f66643470b14ff0640"}],"record_date":"2018-07-05T20:00:54.462Z","_id":"5b3e78f66643470b14ff0660","name":"seguridad imformatica y redes sociales","description":"solo para ejecutivos","date_start":"2018-06-25T00:00:00.000Z","total":30,"programs":"5b3e78f66643470b14ff064f","offices":"5b3e78f66643470b14ff063a","date_end":null,"active":true,"__v":0}]