[{"record_date":"2018-07-05T20:00:54.501Z","_id":"5b3e78f66643470b14ff061e","name":"i","active":true,"password_hash":"i","rol":"5b3e78f66643470b14ff061a","offices":"5b3e78f66643470b14ff0616","amount":1500,"__v":0},{"record_date":"2018-07-05T20:00:54.501Z","_id":"5b3e78f66643470b14ff061c","name":"a","active":true,"password_hash":"a","rol":"5b3e78f66643470b14ff0619","offices":"5b3e78f66643470b14ff0616","amount":1000,"__v":0},{"record_date":"2018-07-05T20:00:54.501Z","_id":"5b3e78f66643470b14ff061d","name":"e","active":true,"password_hash":"e","rol":"5b3e78f66643470b14ff061a","offices":"5b3e78f66643470b14ff0616","amount":2000,"__v":0}]