[{"modulars":[{"lists":["5b3e78f66643470b14ff0638","5b3e78f66643470b14ff0639"],"date_start":"2018-03-25T00:00:00.000Z","date_end":"2018-04-25T00:00:00.000Z","facilitators":"5b3e78f66643470b14ff061f","modules":"5b3e78f66643470b14ff0628","_id":"5b3e78f66643470b14ff0636"}],"inscriptions":[{"_id":"5b3e78f66643470b14ff067b","total_price":600,"module_price":150,"bolivianos_price":3,"dolares_price":300,"canceled_price":300,"price_event":2000,"receipt":"4567","ci":"1234567","cellphone":76543218,"persons":"5b3e78f66643470b14ff0632","users":"5b3e78f66643470b14ff061c"},{"_id":"5b3e78f66643470b14ff067a","total_price":600,"module_price":150,"bolivianos_price":0,"dolares_price":300,"canceled_price":300,"price_event":1400,"receipt":"4568","ci":"1234566","cellphone":79452311,"persons":"5b3e78f66643470b14ff0633","users":"5b3e78f66643470b14ff061d"},{"_id":"5b3e78f66643470b14ff0679","total_price":600,"module_price":150,"bolivianos_price":300,"dolares_price":0,"canceled_price":300,"price_event":2000,"receipt":"4569","ci":"712337757","cellphone":60121234,"persons":"5b3e78f66643470b14ff0634","users":"5b3e78f66643470b14ff061c"}],"interes":[{"tracing":[],"_id":"5b3e78f66643470b14ff067c"}],"record_date":"2018-07-05T20:00:54.516Z","_id":"5b3e78f66643470b14ff0637","name":"seguridad imformatica y redes sociales","description":"solo para ejecutivos","date_start":"2018-03-25T00:00:00.000Z","total":30,"programs":"5b3e78f66643470b14ff0626","offices":"5b3e78f66643470b14ff0616","date_end":null,"active":true,"__v":0}]