[{"content":["1. remuneracion","2. motivacion","3. clima laboral"],"record_date":"2018-07-05T20:00:54.508Z","_id":"5b3e78f66643470b14ff0629","number":2,"name":"modulo 2","programs":"5b3e78f66643470b14ff0626","__v":0},{"content":["1. reclutamiento y seleccion","2. induccion","3. capacitacion"],"record_date":"2018-07-05T20:00:54.508Z","_id":"5b3e78f66643470b14ff0628","number":1,"name":"modulo 1","programs":"5b3e78f66643470b14ff0626","__v":0},{"content":["1. remuneracion1","2. motivacion2","3. clima laboral3"],"record_date":"2018-07-05T20:00:54.508Z","_id":"5b3e78f66643470b14ff062e","number":5,"name":"modulo 5","programs":"5b3e78f66643470b14ff0627","__v":0},{"content":["1. remuneracion1","2. motivacion2","3. clima laboral3"],"record_date":"2018-07-05T20:00:54.508Z","_id":"5b3e78f66643470b14ff062d","number":4,"name":"modulo 4","programs":"5b3e78f66643470b14ff0627","__v":0},{"content":["1. remuneracion1","2. motivacion2","3. clima laboral3"],"record_date":"2018-07-05T20:00:54.508Z","_id":"5b3e78f66643470b14ff062c","number":3,"name":"modulo 3","programs":"5b3e78f66643470b14ff0627","__v":0},{"content":["1. remuneracion1","2. motivacion2","3. clima laboral3"],"record_date":"2018-07-05T20:00:54.508Z","_id":"5b3e78f66643470b14ff062a","number":1,"name":"modulo 1","programs":"5b3e78f66643470b14ff0627","__v":0},{"content":["1. remuneracion1","2. motivacion2","3. clima laboral3"],"record_date":"2018-07-05T20:00:54.508Z","_id":"5b3e78f66643470b14ff062b","number":2,"name":"modulo 2","programs":"5b3e78f66643470b14ff0627","__v":0},{"content":["1. remuneracion1","2. motivacion2","3. clima laboral3"],"record_date":"2018-07-05T20:00:54.508Z","_id":"5b3e78f66643470b14ff0631","number":8,"name":"modulo 8","programs":"5b3e78f66643470b14ff0627","__v":0},{"content":["1. remuneracion1","2. motivacion2","3. clima laboral3"],"record_date":"2018-07-05T20:00:54.508Z","_id":"5b3e78f66643470b14ff0630","number":7,"name":"modulo 7","programs":"5b3e78f66643470b14ff0627","__v":0},{"content":["1. remuneracion1","2. motivacion2","3. clima laboral3"],"record_date":"2018-07-05T20:00:54.508Z","_id":"5b3e78f66643470b14ff062f","number":6,"name":"modulo 6","programs":"5b3e78f66643470b14ff0627","__v":0}]