[{"content":["1. remuneracion","2. motivacion","3. clima laboral"],"record_date":"2018-06-28T15:11:40.732Z","_id":"5b34faac40d34818c4fd85ee","number":2,"name":"modulo 2","programs":"5b34faac40d34818c4fd85eb","__v":0},{"content":["1. reclutamiento y seleccion","2. induccion","3. capacitacion"],"record_date":"2018-06-28T15:11:40.732Z","_id":"5b34faac40d34818c4fd85ed","number":1,"name":"modulo 1","programs":"5b34faac40d34818c4fd85eb","__v":0},{"content":["1. remuneracion1","2. motivacion2","3. clima laboral3"],"record_date":"2018-06-28T15:11:40.732Z","_id":"5b34faac40d34818c4fd85f2","number":4,"name":"modulo 4","programs":"5b34faac40d34818c4fd85ec","__v":0},{"content":["1. remuneracion1","2. motivacion2","3. clima laboral3"],"record_date":"2018-06-28T15:11:40.732Z","_id":"5b34faac40d34818c4fd85ef","number":1,"name":"modulo 1","programs":"5b34faac40d34818c4fd85ec","__v":0},{"content":["1. remuneracion1","2. motivacion2","3. clima laboral3"],"record_date":"2018-06-28T15:11:40.732Z","_id":"5b34faac40d34818c4fd85f4","number":6,"name":"modulo 6","programs":"5b34faac40d34818c4fd85ec","__v":0},{"content":["1. remuneracion1","2. motivacion2","3. clima laboral3"],"record_date":"2018-06-28T15:11:40.732Z","_id":"5b34faac40d34818c4fd85f1","number":3,"name":"modulo 3","programs":"5b34faac40d34818c4fd85ec","__v":0},{"content":["1. remuneracion1","2. motivacion2","3. clima laboral3"],"record_date":"2018-06-28T15:11:40.732Z","_id":"5b34faac40d34818c4fd85f0","number":2,"name":"modulo 2","programs":"5b34faac40d34818c4fd85ec","__v":0},{"content":["1. remuneracion1","2. motivacion2","3. clima laboral3"],"record_date":"2018-06-28T15:11:40.732Z","_id":"5b34faac40d34818c4fd85f5","number":7,"name":"modulo 7","programs":"5b34faac40d34818c4fd85ec","__v":0},{"content":["1. remuneracion1","2. motivacion2","3. clima laboral3"],"record_date":"2018-06-28T15:11:40.732Z","_id":"5b34faac40d34818c4fd85f6","number":8,"name":"modulo 8","programs":"5b34faac40d34818c4fd85ec","__v":0},{"content":["1. remuneracion1","2. motivacion2","3. clima laboral3"],"record_date":"2018-06-28T15:11:40.732Z","_id":"5b34faac40d34818c4fd85f3","number":5,"name":"modulo 5","programs":"5b34faac40d34818c4fd85ec","__v":0}]