[{"content":["1. remuneracion","2. motivacion","3. clima laboral"],"record_date":"2018-07-05T20:00:54.443Z","_id":"5b3e78f66643470b14ff0652","number":2,"name":"modulo 2","programs":"5b3e78f66643470b14ff064f","__v":0},{"content":["1. remuneracion1","2. motivacion2","3. clima laboral3"],"record_date":"2018-07-05T20:00:54.443Z","_id":"5b3e78f66643470b14ff0657","number":5,"name":"modulo 5","programs":"5b3e78f66643470b14ff0650","__v":0},{"content":["1. remuneracion1","2. motivacion2","3. clima laboral3"],"record_date":"2018-07-05T20:00:54.443Z","_id":"5b3e78f66643470b14ff0653","number":1,"name":"modulo 1","programs":"5b3e78f66643470b14ff0650","__v":0},{"content":["1. remuneracion1","2. motivacion2","3. clima laboral3"],"record_date":"2018-07-05T20:00:54.443Z","_id":"5b3e78f66643470b14ff0658","number":6,"name":"modulo 6","programs":"5b3e78f66643470b14ff0650","__v":0},{"content":["1. remuneracion1","2. motivacion2","3. clima laboral3"],"record_date":"2018-07-05T20:00:54.443Z","_id":"5b3e78f66643470b14ff0655","number":3,"name":"modulo 3","programs":"5b3e78f66643470b14ff0650","__v":0},{"content":["1. reclutamiento y seleccion","2. induccion","3. capacitacion"],"record_date":"2018-07-05T20:00:54.443Z","_id":"5b3e78f66643470b14ff0651","number":1,"name":"modulo 1","programs":"5b3e78f66643470b14ff064f","__v":0},{"content":["1. remuneracion1","2. motivacion2","3. clima laboral3"],"record_date":"2018-07-05T20:00:54.443Z","_id":"5b3e78f66643470b14ff0654","number":2,"name":"modulo 2","programs":"5b3e78f66643470b14ff0650","__v":0},{"content":["1. remuneracion1","2. motivacion2","3. clima laboral3"],"record_date":"2018-07-05T20:00:54.443Z","_id":"5b3e78f66643470b14ff0656","number":4,"name":"modulo 4","programs":"5b3e78f66643470b14ff0650","__v":0},{"content":["1. remuneracion1","2. motivacion2","3. clima laboral3"],"record_date":"2018-07-05T20:00:54.443Z","_id":"5b3e78f66643470b14ff065a","number":8,"name":"modulo 8","programs":"5b3e78f66643470b14ff0650","__v":0},{"content":["1. remuneracion1","2. motivacion2","3. clima laboral3"],"record_date":"2018-07-05T20:00:54.443Z","_id":"5b3e78f66643470b14ff0659","number":7,"name":"modulo 7","programs":"5b3e78f66643470b14ff0650","__v":0},{"content":["1. reclutamiento y seleccion"],"record_date":"2018-07-05T22:12:29.168Z","_id":"5b3e97cdb7d6af10a40046f0","number":1,"name":"Modulo 1","programs":"5b3e87a7b7d6af10a40046ef","__v":0},{"content":["2. induccion"],"record_date":"2018-07-05T23:00:57.467Z","_id":"5b3ea329b7d6af10a40046f1","number":2,"name":"Modulo 2","programs":"5b3e87a7b7d6af10a40046ef","__v":0}]