[{"descOcupation":{"carrera":"","universidad":"","semestre":"","areaTrabajo":"carpinteria","profesion":"","empresa":"","cargo":""},"profile":[{"final_work":{"revisions":[{"state":6,"observations":"Finalizado","date_review":"2018-07-01T00:00:00.000Z","_id":"5b3e78f66643470b14ff0672"}],"date_start":"2018-06-25T00:00:00.000Z","name":"Trabajo 3","origin":"cbba","facilitator":"5b3e78f66643470b14ff0643","date_end":"2018-07-25T00:00:00.000Z","empastado":false,"copy_1":false,"copy_2":false,"form":false,"certificate":false,"letter_review":false,"company_certificate":false},"requirements":{"photograpy":true,"photocopy_ci":true,"photocopy_titule":false},"programs":"5b3e78f66643470b14ff0650","name":"","total_price":1500,"payed":1000,"debt":500,"print_diploma":false,"_id":"5b3e78f66643470b14ff0673"}],"workshops":[],"record_date":"2018-07-05T20:00:54.466Z","_id":"5b3e78f66643470b14ff065d","first_name":"juan","last_name":"perez","ci":712337757,"phone":49879878,"cellphone":60121234,"email":"juan@juan.com","ocupation":"Particular","__v":0},{"descOcupation":{"carrera":"Sistemas","universidad":"umss","semestre":"6to","areaTrabajo":"","profesion":"","empresa":"","cargo":""},"profile":[{"final_work":{"revisions":[{"state":1,"observations":"Esperando respuesta","date_review":"2018-07-01T00:00:00.000Z","_id":"5b3e78f66643470b14ff066e"}],"date_start":"2018-06-25T00:00:00.000Z","name":"Trabajo 1","origin":"cbba","facilitator":"5b3e78f66643470b14ff0643","date_end":"2018-07-25T00:00:00.000Z","empastado":false,"copy_1":false,"copy_2":false,"form":false,"certificate":false,"letter_review":false,"company_certificate":false},"requirements":{"photograpy":true,"photocopy_ci":true,"photocopy_titule":false},"programs":"5b3e78f66643470b14ff0650","name":"","total_price":1200,"payed":1000,"debt":200,"print_diploma":false,"_id":"5b3e78f66643470b14ff066f"}],"workshops":[],"record_date":"2018-07-05T20:00:54.466Z","_id":"5b3e78f66643470b14ff065b","first_name":"Jose","last_name":"Gallardo","ci":1234567,"phone":4653126,"cellphone":76543218,"email":"gallardo@gmail.com","ocupation":"Estudiante","__v":0},{"descOcupation":{"carrera":"Ing Sistemas","universidad":"UMSS","semestre":"4to","areaTrabajo":"","profesion":"","empresa":"","cargo":""},"profile":[{"final_work":{"revisions":[{"state":8,"observations":"En espera de resultado","date_review":"2018-07-01T00:00:00.000Z","_id":"5b3e78f66643470b14ff0674"}],"date_start":"2018-06-25T00:00:00.000Z","name":"Trabajo 4","origin":"cbba","facilitator":"5b3e78f66643470b14ff0643","date_end":"2018-07-25T00:00:00.000Z","empastado":false,"copy_1":false,"copy_2":false,"form":false,"certificate":false,"letter_review":false,"company_certificate":false},"requirements":{"photograpy":false,"photocopy_ci":false,"photocopy_titule":false},"programs":"5b3e78f66643470b14ff0650","name":"","total_price":1200,"payed":1000,"debt":200,"print_diploma":false,"_id":"5b3e78f66643470b14ff0675"}],"workshops":[],"record_date":"2018-07-05T20:00:54.466Z","_id":"5b3e78f66643470b14ff065e","first_name":"lucia","last_name":"galarza","ci":5342425,"phone":41234314,"cellphone":79121232,"email":"lucia@lucia.com","ocupation":"Estudiante","__v":0},{"descOcupation":{"carrera":"","universidad":"","semestre":"","areaTrabajo":"","profesion":"Ingeniero","empresa":"digitalHarbor","cargo":"rrhh"},"profile":[{"final_work":{"revisions":[{"state":3,"observations":"En espera","date_review":"2018-07-01T00:00:00.000Z","_id":"5b3e78f66643470b14ff0670"}],"date_start":"2018-06-25T00:00:00.000Z","name":"Trabajo 2","origin":"cbba","facilitator":"5b3e78f66643470b14ff0643","date_end":"2018-07-25T00:00:00.000Z","empastado":false,"copy_1":false,"copy_2":false,"form":false,"certificate":false,"letter_review":false,"company_certificate":false},"requirements":{"photograpy":true,"photocopy_ci":true,"photocopy_titule":true},"name":"","total_price":2000,"payed":2000,"debt":0,"print_diploma":false,"_id":"5b3e78f66643470b14ff0671"}],"workshops":[],"record_date":"2018-07-05T20:00:54.466Z","_id":"5b3e78f66643470b14ff065c","first_name":"laura","last_name":"estrada","ci":1234566,"phone":431241514,"cellphone":79452311,"email":"laura@laura.com","ocupation":"Profesional","__v":0}]