[{"record_date":"2018-07-05T20:00:54.428Z","_id":"5b3e78f66643470b14ff0640","name":"a","active":true,"password_hash":"a","rol":"5b3e78f66643470b14ff063d","offices":"5b3e78f66643470b14ff063a","amount":1000,"debt":0,"__v":0},{"record_date":"2018-07-05T20:00:54.428Z","_id":"5b3e78f66643470b14ff0641","name":"e","active":true,"password_hash":"e","rol":"5b3e78f66643470b14ff063e","offices":"5b3e78f66643470b14ff063a","amount":2000,"debt":0,"__v":0},{"record_date":"2018-07-05T20:00:54.428Z","_id":"5b3e78f66643470b14ff0642","name":"i","active":true,"password_hash":"i","rol":"5b3e78f66643470b14ff063e","offices":"5b3e78f66643470b14ff063a","amount":1500,"debt":0,"__v":0}]